<?xml version="1.0" encoding="UTF-8" standalone="no"?><TaskList Version="2.0"><Task Active="false" ConnectorKind="local" CreationDate="2016-12-01 16:27:03.534 -0200" DueDate="2017-01-21 00:00:00.0 -0200" EndDate="" Estimated="0" Handle="local-1" IssueURL="" Kind="task" Label="FIM Migracao PI" LastModified="now" MarkReadPending="false" ModificationDate="" Notes="" NotifiedIncoming="true" Owner="local" Priority="P3" Reminded="true" RepositoryUrl="local" ScheduledEndDate="2016-11-21 23:59:59.999 -0200" ScheduledStartDate="2016-11-21 00:00:00.0 -0200" Stale="false" TaskId="1" offlineSyncState="SYNCHRONIZED"><SubTask Handle="local-2"/><SubTask Handle="local-3"/></Task><Task Active="false" ConnectorKind="local" CreationDate="2016-12-01 16:59:37.755 -0200" DueDate="" EndDate="" Estimated="0" Handle="local-5" IssueURL="" Kind="task" Label="Melhorar a busca, buscar * pela tag específica - ZTrataFalhaDeParaItens" LastModified="now" MarkReadPending="false" ModificationDate="" Notes="" NotifiedIncoming="true" Owner="local" Priority="P3" Reminded="false" RepositoryUrl="local" ScheduledEndDate="2016-12-03 23:59:59.999 -0200" ScheduledStartDate="2016-11-27 00:00:00.0 -0200" Stale="false" TaskId="5" offlineSyncState="SYNCHRONIZED"/><Task Active="true" ConnectorKind="local" CreationDate="2016-12-01 16:39:05.177 -0200" DueDate="2016-12-05 00:00:00.0 -0200" EndDate="" Estimated="0" Handle="local-4" IssueURL="" Kind="task" Label="Testes Unitarios no Java" LastModified="now" MarkReadPending="false" ModificationDate="" Notes="-Colocar valores permitidos no xsd&#13;&#10;--valores vazios/nulos&#13;&#10;--numeros/letras&#13;&#10;--espaços&#13;&#10;--caracteres especiais&#13;&#10;" NotifiedIncoming="true" Owner="local" Priority="P3" Reminded="false" RepositoryUrl="local" ScheduledEndDate="2016-12-03 23:59:59.999 -0200" ScheduledStartDate="2016-11-27 00:00:00.0 -0200" Stale="false" TaskId="4" offlineSyncState="SYNCHRONIZED"/><Task Active="false" ConnectorKind="local" CreationDate="2016-12-01 16:30:43.510 -0200" DueDate="" EndDate="" Estimated="0" Handle="local-3" IssueURL="" Kind="task" Label="Testes Integrados no PI" LastModified="now" MarkReadPending="false" ModificationDate="" Notes="" NotifiedIncoming="true" Owner="local" Priority="P3" Reminded="false" RepositoryUrl="local" ScheduledEndDate="2016-12-03 23:59:59.999 -0200" ScheduledStartDate="2016-11-27 00:00:00.0 -0200" Stale="false" TaskId="3" offlineSyncState="SYNCHRONIZED"/><Task Active="false" ConnectorKind="local" CreationDate="2016-12-01 16:30:11.8 -0200" DueDate="" EndDate="" Estimated="0" Handle="local-2" IssueURL="" Kind="task" Label="Testes Unitarios no PI" LastModified="now" MarkReadPending="false" ModificationDate="" Notes="-Colocar valores permitidos no xsd&#13;&#10;--valores vazios/nulos&#13;&#10;--numeros/letras&#13;&#10;--espaços&#13;&#10;--caracteres especiais&#13;&#10;" NotifiedIncoming="true" Owner="local" Priority="P3" Reminded="false" RepositoryUrl="local" ScheduledEndDate="2016-12-03 23:59:59.999 -0200" ScheduledStartDate="2016-11-27 00:00:00.0 -0200" Stale="false" TaskId="2" offlineSyncState="SYNCHRONIZED"/><Task Active="false" ConnectorKind="local" CreationDate="2017-01-16 11:20:58.312 -0200" DueDate="" EndDate="" Estimated="0" Handle="local-9" IssueURL="" Kind="task" Label="Colocar cabeçalho-trata-falha-reg-fat" LastModified="now" MarkReadPending="false" ModificationDate="" Notes="" NotifiedIncoming="true" Owner="local" Priority="P3" Reminded="false" RepositoryUrl="local" ScheduledEndDate="2017-01-21 23:59:59.999 -0200" ScheduledStartDate="2017-01-15 00:00:00.0 -0200" Stale="false" TaskId="9" offlineSyncState="SYNCHRONIZED"/><Task Active="false" ConnectorKind="local" CreationDate="2017-01-13 11:04:43.210 -0200" DueDate="" EndDate="" Estimated="0" Handle="local-8" IssueURL="" Kind="task" Label="Limpar o FunctionUtil-Colocar os dados na Tabela-Remover Strings-Testar mais." LastModified="now" MarkReadPending="false" ModificationDate="" Notes="" NotifiedIncoming="true" Owner="local" Priority="P3" Reminded="false" RepositoryUrl="local" ScheduledEndDate="2017-01-14 23:59:59.999 -0200" ScheduledStartDate="2017-01-08 00:00:00.0 -0200" Stale="false" TaskId="8" offlineSyncState="SYNCHRONIZED"/><Task Active="false" ConnectorKind="local" CreationDate="2016-12-30 11:09:02.453 -0200" DueDate="" EndDate="" Estimated="0" Handle="local-7" IssueURL="" Kind="task" Label="Criar documentaçcão" LastModified="now" MarkReadPending="false" ModificationDate="" Notes="" NotifiedIncoming="true" Owner="local" Priority="P3" Reminded="false" RepositoryUrl="local" ScheduledEndDate="2016-12-31 23:59:59.999 -0200" ScheduledStartDate="2016-12-25 00:00:00.0 -0200" Stale="false" TaskId="7" offlineSyncState="SYNCHRONIZED"/><Task Active="false" ConnectorKind="local" CreationDate="2016-12-30 11:08:37.637 -0200" DueDate="" EndDate="" Estimated="0" Handle="local-6" IssueURL="" Kind="task" Label="Gerar os Javadocs" LastModified="now" MarkReadPending="false" ModificationDate="" Notes="" NotifiedIncoming="true" Owner="local" Priority="P3" Reminded="false" RepositoryUrl="local" ScheduledEndDate="2016-12-31 23:59:59.999 -0200" ScheduledStartDate="2016-12-25 00:00:00.0 -0200" Stale="false" TaskId="6" offlineSyncState="SYNCHRONIZED"/><TaskCategory Handle="Uncategorized" Name="Uncategorized"><TaskReference Handle="local-1"/><TaskReference Handle="local-5"/><TaskReference Handle="local-4"/><TaskReference Handle="local-9"/><TaskReference Handle="local-8"/><TaskReference Handle="local-7"/><TaskReference Handle="local-6"/></TaskCategory></TaskList>