<?xml version="1.0" encoding="UTF-8"?><InteractionHistory Id="local-1" Version="1"><InteractionEvent Delta="null" EndDate="2016-12-01 16:58:45.433 BRST" Interest="44.0" Kind="propagation" Navigation="null" OriginId="org.eclipse.jdt.ui.PackageExplorer" StartDate="2016-12-01 16:49:31.34 BRST" StructureHandle="/trata-falha/src/br/com/cpfl/mapping/ZTrataFalhaRegistradorFaturado.java" StructureKind="resource" NumEvents="44" CreationCount="1"/><InteractionEvent Delta="null" EndDate="2016-12-01 16:56:49.569 BRST" Interest="1.0" Kind="selection" Navigation="null" OriginId="org.eclipse.jdt.ui.CompilationUnitEditor" StartDate="2016-12-01 16:56:49.569 BRST" StructureHandle="=trata-falha/src&amp;lt;br.com.cpfl.mapping{ZTrataFalhaRegistradorFaturado.java[ZTrataFalhaRegistradorFaturado" StructureKind="java"/><InteractionEvent Delta="null" EndDate="2016-12-01 16:56:36.698 BRST" Interest="24.834" Kind="propagation" Navigation="org.eclipse.mylyn.core.model.edges.containment" OriginId="org.eclipse.mylyn.core.model.interest.propagation" StartDate="2016-12-01 16:50:47.670 BRST" StructureHandle="=trata-falha/src&amp;lt;br.com.cpfl.mapping{ZTrataFalhaRegistradorFaturado.java[ZTrataFalhaRegistradorFaturado" StructureKind="java" NumEvents="36" CreationCount="3"/><InteractionEvent Delta="null" EndDate="2016-12-28 09:54:12.562 BRST" Interest="58.0" Kind="propagation" Navigation="org.eclipse.mylyn.core.model.edges.containment" OriginId="org.eclipse.mylyn.core.model.interest.propagation" StartDate="2016-12-01 16:49:31.34 BRST" StructureHandle="=trata-falha" StructureKind="resource" NumEvents="58" CreationCount="1"/><InteractionEvent Delta="null" EndDate="2016-12-01 16:58:45.434 BRST" Interest="26.868" Kind="propagation" Navigation="org.eclipse.mylyn.core.model.edges.containment" OriginId="org.eclipse.mylyn.core.model.interest.propagation" StartDate="2016-12-01 16:49:31.45 BRST" StructureHandle="=trata-falha/src" StructureKind="java" NumEvents="37" CreationCount="1"/><InteractionEvent Delta="null" EndDate="2016-12-28 09:54:12.562 BRST" Interest="58.0" Kind="propagation" Navigation="org.eclipse.mylyn.core.model.edges.containment" OriginId="org.eclipse.mylyn.core.model.interest.propagation" StartDate="2016-12-01 16:49:31.34 BRST" StructureHandle="/trata-falha/src/br/com" StructureKind="resource" NumEvents="58" CreationCount="1"/><InteractionEvent Delta="null" EndDate="2016-12-28 09:54:12.562 BRST" Interest="58.0" Kind="propagation" Navigation="org.eclipse.mylyn.core.model.edges.containment" OriginId="org.eclipse.mylyn.core.model.interest.propagation" StartDate="2016-12-01 16:49:31.34 BRST" StructureHandle="/trata-falha/src/br" StructureKind="resource" NumEvents="58" CreationCount="1"/><InteractionEvent Delta="null" EndDate="2016-12-01 16:56:44.108 BRST" Interest="2.0" Kind="selection" Navigation="null" OriginId="org.eclipse.jdt.ui.CompilationUnitEditor" StartDate="2016-12-01 16:50:47.668 BRST" StructureHandle="=trata-falha/src&amp;lt;br.com.cpfl.mapping{ZTrataFalhaRegistradorFaturado.java[ZTrataFalhaRegistradorFaturado~setParameter~QMap;" StructureKind="java" NumEvents="2" CreationCount="3"/><InteractionEvent Delta="null" EndDate="2016-12-01 16:56:46.899 BRST" Interest="2.0" Kind="edit" Navigation="null" OriginId="org.eclipse.jdt.ui.CompilationUnitEditor" StartDate="2016-12-01 16:50:56.383 BRST" StructureHandle="=trata-falha/src&amp;lt;br.com.cpfl.mapping{ZTrataFalhaRegistradorFaturado.java[ZTrataFalhaRegistradorFaturado~setParameter~QMap;" StructureKind="java" NumEvents="2" CreationCount="3"/><InteractionEvent Delta="null" EndDate="2016-12-28 09:54:12.560 BRST" Interest="6.5" Kind="propagation" Navigation="org.eclipse.mylyn.core.model.edges.containment" OriginId="org.eclipse.mylyn.core.model.interest.propagation" StartDate="2016-12-01 16:58:57.446 BRST" StructureHandle="=trata-falha/src&amp;lt;br.com.cpfl.mapping{ZTrataFalhaDeParaItens.java[ZTrataFalhaDeParaItens" StructureKind="aspectj" NumEvents="8" CreationCount="49"/><InteractionEvent Delta="null" EndDate="2016-12-01 16:50:58.820 BRST" Interest="1.0" Kind="selection" Navigation="null" OriginId="org.eclipse.jdt.ui.CompilationUnitEditor" StartDate="2016-12-01 16:50:58.820 BRST" StructureHandle="=trata-falha/src&amp;lt;br.com.cpfl.mapping{ZTrataFalhaRegistradorFaturado.java[ZTrataFalhaRegistradorFaturado~execute~QInputStream;~QOutputStream;" StructureKind="java"/><InteractionEvent Delta="null" EndDate="2016-12-01 16:56:36.698 BRST" Interest="34.0" Kind="edit" Navigation="null" OriginId="org.eclipse.jdt.ui.CompilationUnitEditor" StartDate="2016-12-01 16:53:18.121 BRST" StructureHandle="=trata-falha/src&amp;lt;br.com.cpfl.mapping{ZTrataFalhaRegistradorFaturado.java[ZTrataFalhaRegistradorFaturado~execute~QInputStream;~QOutputStream;" StructureKind="java" NumEvents="34" CreationCount="5"/><InteractionEvent Delta="null" EndDate="2016-12-01 16:58:42.439 BRST" Interest="1.0" Kind="propagation" Navigation="null" OriginId="org.eclipse.jdt.ui.PackageExplorer" StartDate="2016-12-01 16:58:42.439 BRST" StructureHandle="/trata-falha/src/br/com/cpfl/mapping/MappingMain.java" StructureKind="resource"/><InteractionEvent Delta="null" EndDate="2016-12-01 17:00:45.899 BRST" Interest="5.0" Kind="selection" Navigation="null" OriginId="org.eclipse.jdt.ui.CompilationUnitEditor" StartDate="2016-12-01 16:58:44.17 BRST" StructureHandle="=trata-falha/src&amp;lt;br.com.cpfl.mapping{ZTrataFalhaDeParaItens.java" StructureKind="java" NumEvents="5" CreationCount="45"/><InteractionEvent Delta="null" EndDate="2016-12-28 09:54:12.561 BRST" Interest="1.5680003" Kind="propagation" Navigation="org.eclipse.mylyn.core.model.edges.containment" OriginId="org.eclipse.mylyn.core.model.interest.propagation" StartDate="2016-12-01 16:59:01.314 BRST" StructureHandle="=trata-falha/src&amp;lt;br.com.cpfl.mapping{ZTrataFalhaDeParaItens.java" StructureKind="aspectj" NumEvents="4" CreationCount="45"/><InteractionEvent Delta="null" EndDate="2016-12-28 09:54:12.562 BRST" Interest="58.0" Kind="propagation" Navigation="org.eclipse.mylyn.core.model.edges.containment" OriginId="org.eclipse.mylyn.core.model.interest.propagation" StartDate="2016-12-01 16:49:31.35 BRST" StructureHandle="/" StructureKind="resource" NumEvents="58" CreationCount="1"/><InteractionEvent Delta="null" EndDate="2016-12-28 09:54:12.560 BRST" Interest="13.0" Kind="propagation" Navigation="null" OriginId="org.eclipse.jdt.ui.CompilationUnitEditor" StartDate="2016-12-01 16:58:44.17 BRST" StructureHandle="/trata-falha/src/br/com/cpfl/mapping/ZTrataFalhaDeParaItens.java" StructureKind="resource" NumEvents="13" CreationCount="45"/><InteractionEvent Delta="null" EndDate="2016-12-01 16:56:42.757 BRST" Interest="1.0" Kind="selection" Navigation="null" OriginId="org.eclipse.jdt.ui.CompilationUnitEditor" StartDate="2016-12-01 16:56:42.757 BRST" StructureHandle="=trata-falha/src&amp;lt;br.com.cpfl.mapping{ZTrataFalhaRegistradorFaturado.java[ZTrataFalhaRegistradorFaturado^param" StructureKind="java"/><InteractionEvent Delta="null" EndDate="2016-12-01 16:58:45.433 BRST" Interest="3.0" Kind="selection" Navigation="null" OriginId="org.eclipse.jdt.ui.PackageExplorer" StartDate="2016-12-01 16:49:31.33 BRST" StructureHandle="=trata-falha/src&amp;lt;br.com.cpfl.mapping{ZTrataFalhaRegistradorFaturado.java" StructureKind="java" NumEvents="3" CreationCount="1"/><InteractionEvent Delta="null" EndDate="2016-12-01 16:56:49.579 BRST" Interest="23.868" Kind="propagation" Navigation="org.eclipse.mylyn.core.model.edges.containment" OriginId="org.eclipse.mylyn.core.model.interest.propagation" StartDate="2016-12-01 16:53:27.108 BRST" StructureHandle="=trata-falha/src&amp;lt;br.com.cpfl.mapping{ZTrataFalhaRegistradorFaturado.java" StructureKind="java" NumEvents="34" CreationCount="1"/><InteractionEvent Delta="null" EndDate="2016-12-28 09:54:12.562 BRST" Interest="58.0" Kind="propagation" Navigation="org.eclipse.mylyn.core.model.edges.containment" OriginId="org.eclipse.mylyn.core.model.interest.propagation" StartDate="2016-12-01 16:49:31.34 BRST" StructureHandle="/trata-falha/src" StructureKind="resource" NumEvents="58" CreationCount="1"/><InteractionEvent Delta="null" EndDate="2016-12-01 16:58:45.433 BRST" Interest="26.868" Kind="propagation" Navigation="org.eclipse.mylyn.core.model.edges.containment" OriginId="org.eclipse.mylyn.core.model.interest.propagation" StartDate="2016-12-01 16:49:31.35 BRST" StructureHandle="=trata-falha/src&amp;lt;br.com.cpfl.mapping" StructureKind="java" NumEvents="37" CreationCount="1"/><InteractionEvent Delta="null" EndDate="2016-12-01 16:58:42.438 BRST" Interest="1.0" Kind="selection" Navigation="null" OriginId="org.eclipse.jdt.ui.PackageExplorer" StartDate="2016-12-01 16:58:42.438 BRST" StructureHandle="=trata-falha/src&amp;lt;br.com.cpfl.mapping{MappingMain.java" StructureKind="java"/><InteractionEvent Delta="null" EndDate="2016-12-28 09:54:12.562 BRST" Interest="58.0" Kind="propagation" Navigation="null" OriginId="org.eclipse.jdt.ui.CompilationUnitEditor" StartDate="2016-12-01 16:49:31.34 BRST" StructureHandle="/trata-falha/src/br/com/cpfl/mapping" StructureKind="resource" NumEvents="58" CreationCount="1"/><InteractionEvent Delta="null" EndDate="2016-12-28 09:54:12.562 BRST" Interest="58.0" Kind="propagation" Navigation="org.eclipse.mylyn.core.model.edges.containment" OriginId="org.eclipse.mylyn.core.model.interest.propagation" StartDate="2016-12-01 16:49:31.34 BRST" StructureHandle="/trata-falha/src/br/com/cpfl" StructureKind="resource" NumEvents="58" CreationCount="1"/><InteractionEvent Delta="null" EndDate="2016-12-28 09:54:12.33 BRST" Interest="3.0" Kind="selection" Navigation="null" OriginId="org.eclipse.jdt.ui.CompilationUnitEditor" StartDate="2016-12-01 16:58:57.445 BRST" StructureHandle="=trata-falha/src&amp;lt;br.com.cpfl.mapping{ZTrataFalhaDeParaItens.java[ZTrataFalhaDeParaItens~execute~QInputStream;~QOutputStream;" StructureKind="java" NumEvents="3" CreationCount="49"/><InteractionEvent Delta="null" EndDate="2016-12-01 17:01:45.889 BRST" Interest="5.0" Kind="edit" Navigation="null" OriginId="org.eclipse.jdt.ui.CompilationUnitEditor" StartDate="2016-12-01 16:58:58.454 BRST" StructureHandle="=trata-falha/src&amp;lt;br.com.cpfl.mapping{ZTrataFalhaDeParaItens.java[ZTrataFalhaDeParaItens~execute~QInputStream;~QOutputStream;" StructureKind="java" NumEvents="5" CreationCount="49"/></InteractionHistory>